{
    "vertices": {
        "4": [
            [
                3.744570734222766,
                3.9814258018407966
            ],
            [
                "5"
            ]
        ],
        "1": [
            [
                3.6184217974125397,
                3.3159985186998617
            ],
            [
                "2",
                "t"
            ]
        ],
        "5": [
            [
                2.766453198465219,
                0.9751045810951122
            ],
            [
                "4",
                "s",
                "t"
            ]
        ],
        "2": [
            [
                2.4257153908860696,
                0.12880250993575454
            ],
            [
                "1",
                "s",
                "t",
                "u",
                "0"
            ]
        ],
        "s": [
            [
                1.0680372941378409,
                2.199470130632172
            ],
            [
                "5",
                "3",
                "2",
                "0"
            ]
        ],
        "3": [
            [
                3.6854726081314277,
                4.1405371728784495
            ],
            [
                "s"
            ]
        ],
        "t": [
            [
                1.723129270500557,
                5.069032086051821
            ],
            [
                "5",
                "2",
                "1",
                "0"
            ]
        ],
        "u": [
            [
                0.6871580487234833,
                0.9136246321737119
            ],
            [
                "2"
            ]
        ],
        "0": [
            [
                0.14066120342326288,
                5.835291502382682
            ],
            [
                "2",
                "s",
                "t"
            ]
        ]
    }
}