{
    "vertices": {
        "1": [
            [
                0.40509244027035873,
                0.23728894737730233
            ],
            []
        ],
        "14": [
            [
                0.1831499900926754,
                0.014648568271771412
            ],
            []
        ],
        "6": [
            [
                0.011053280395717069,
                0.5196680060872911
            ],
            [
                "s"
            ]
        ],
        "t": [
            [
                0.9708281230344394,
                0.8736091389382529
            ],
            [
                "8"
            ]
        ],
        "5": [
            [
                0.9184157445858113,
                0.3388737269683799
            ],
            [
                "16",
                "2"
            ]
        ],
        "0": [
            [
                0.5747419437342199,
                0.294444877612575
            ],
            []
        ],
        "10": [
            [
                0.5301250927278777,
                0.8235378719403447
            ],
            [
                "s",
                "2"
            ]
        ],
        "9": [
            [
                0.6355490325814245,
                0.9227061635134791
            ],
            []
        ],
        "3": [
            [
                0.06878480858098346,
                0.27201428552570694
            ],
            []
        ],
        "u": [
            [
                0.7412644723611239,
                0.7465673560004095
            ],
            []
        ],
        "13": [
            [
                0.7429145916969262,
                0.39781570792832666
            ],
            []
        ],
        "7": [
            [
                0.9541648814990236,
                0.7765424675796568
            ],
            []
        ],
        "12": [
            [
                0.9509351036316571,
                0.48125960343156704
            ],
            [
                "11"
            ]
        ],
        "11": [
            [
                0.8406926855704019,
                0.20319110261478812
            ],
            [
                "12"
            ]
        ],
        "8": [
            [
                0.1706033747734561,
                0.17429104410314966
            ],
            [
                "t"
            ]
        ],
        "s": [
            [
                0.3603852269467662,
                0.7228732687816571
            ],
            [
                "6",
                "10"
            ]
        ],
        "16": [
            [
                0.5286775578612605,
                0.46248363798461223
            ],
            [
                "5"
            ]
        ],
        "2": [
            [
                0.3105593832548773,
                0.2759828695251896
            ],
            [
                "5",
                "10"
            ]
        ],
        "15": [
            [
                0.31873973909418785,
                0.29754469374711445
            ],
            []
        ],
        "4": [
            [
                0.9733107255812876,
                0.12616953748122428
            ],
            []
        ]
    }
}