{
    "vertices": {
        "6_1": [
            [
                1.3752766205921834,
                -0.42838912446232835
            ],
            [
                "0"
            ]
        ],
        "8_1": [
            [
                1.2438771823810415,
                -0.0713517789042806
            ],
            [
                "s"
            ]
        ],
        "u": [
            [
                2.05205597509962,
                -0.07249390789566264
            ],
            []
        ],
        "t": [
            [
                -3.3659105700674603,
                -4.871527557045886
            ],
            [
                "0_2",
                "1_2",
                "5_2",
                "2_2"
            ]
        ],
        "5_1": [
            [
                1.8890379112504194,
                0.3410538877253387
            ],
            [
                "2_1",
                "16_1"
            ]
        ],
        "s": [
            [
                0,
                0.0
            ],
            [
                "8_1",
                "2_2"
            ]
        ],
        "10_1": [
            [
                1.9571842617579858,
                -0.2762183687824073
            ],
            [
                "2_1",
                "0"
            ]
        ],
        "0_2": [
            [
                -5.026711700744581,
                -4.294380885239961
            ],
            [
                "0",
                "t",
                "2_2"
            ]
        ],
        "0_1": [
            [
                1.6146078954922989,
                0.1294557532868286
            ],
            []
        ],
        "2_2": [
            [
                0.6241626739146968,
                -1.8750611332480167
            ],
            [
                "0_2",
                "t",
                "1_2",
                "s",
                "0"
            ]
        ],
        "2_1": [
            [
                1.4147480043932195,
                -0.044294915586428674
            ],
            [
                "5_1",
                "10_1"
            ]
        ],
        "3_2": [
            [
                -1.3217792396103238,
                -5.602568788698812
            ],
            [
                "0"
            ]
        ],
        "0": [
            [
                0,
                -4.871527557045886
            ],
            [
                "5_2",
                "6_1",
                "0_2",
                "2_2",
                "3_2",
                "10_1"
            ]
        ],
        "7_1": [
            [
                2.2237949027829282,
                0.05685381045862739
            ],
            []
        ],
        "14_1": [
            [
                1.1398647019284234,
                0.050404295094655466
            ],
            []
        ],
        "16_1": [
            [
                1.7008568028315842,
                -0.02193803329638367
            ],
            [
                "5_1"
            ]
        ],
        "4_1": [
            [
                1.7774499497922713,
                0.5302750758135026
            ],
            []
        ],
        "13_1": [
            [
                1.8066181303699784,
                0.17527755797820427
            ],
            []
        ],
        "9_1": [
            [
                2.1018528159778795,
                -0.27179495746260973
            ],
            []
        ],
        "1_2": [
            [
                -0.7861544488335962,
                -4.972119832035322
            ],
            [
                "t",
                "2_2"
            ]
        ],
        "15_1": [
            [
                1.4357789016017901,
                -0.05375704262200866
            ],
            []
        ],
        "3_1": [
            [
                1.240981350465073,
                -0.21244914419908972
            ],
            []
        ],
        "4_2": [
            [
                -1.1674818244711076,
                -5.531848744988801
            ],
            [
                "5_2"
            ]
        ],
        "5_2": [
            [
                0.2666747548115487,
                -2.714425081042872
            ],
            [
                "4_2",
                "t",
                "0"
            ]
        ],
        "12_1": [
            [
                2.0127145893438865,
                0.2633665282341867
            ],
            [
                "11_1"
            ]
        ],
        "11_1": [
            [
                1.7381373053964495,
                0.3820374894105922
            ],
            [
                "12_1"
            ]
        ],
        "1_1": [
            [
                1.4542322353136854,
                0.04991078481698817
            ],
            []
        ]
    }
}