{
    "vertices": {
        "1": [
            [
                0.056385158675223646,
                0.4090641284921698
            ],
            []
        ],
        "2": [
            [
                0.48248943438442415,
                0.5091089545631602
            ],
            []
        ]
    }
}