{
    "vertices": {
        "1": [
            [
                0.8005553520330655,
                0.2042297987605095
            ],
            [
                9,
                "t",
                6,
                "s",
                "u",
                2,
                8,
                4,
                7
            ]
        ],
        "9": [
            [
                0.8806557598042588,
                0.40065934012011906
            ],
            [
                1,
                "t",
                6,
                "s",
                "u",
                2,
                8,
                4,
                7
            ]
        ],
        "t": [
            [
                0.8820393003718928,
                0.295551362353056
            ],
            [
                1,
                9,
                6,
                "s",
                "u",
                2,
                8,
                4,
                7
            ]
        ],
        "6": [
            [
                0.3067947986002625,
                0.16066443051557233
            ],
            [
                1,
                9,
                "t",
                "s",
                "u",
                2,
                8,
                4,
                7
            ]
        ],
        "s": [
            [
                0.7644370538910761,
                0.6598985215721185
            ],
            [
                1,
                9,
                "t",
                6,
                "u",
                2,
                8,
                4,
                7
            ]
        ],
        "u": [
            [
                0.10262010364903074,
                0.4032554298918397
            ],
            [
                1,
                9,
                "t",
                6,
                "s",
                2,
                8,
                4,
                7
            ]
        ],
        "2": [
            [
                0.961220292759968,
                0.061159104012152965
            ],
            [
                1,
                9,
                "t",
                6,
                "s",
                "u",
                8,
                4,
                7
            ]
        ],
        "8": [
            [
                0.04772917792278142,
                0.7762726262479085
            ],
            [
                1,
                9,
                "t",
                6,
                "s",
                "u",
                2,
                4,
                7
            ]
        ],
        "4": [
            [
                0.5794667084730951,
                0.16926044535412932
            ],
            [
                1,
                9,
                "t",
                6,
                "s",
                "u",
                2,
                8,
                7
            ]
        ],
        "7": [
            [
                0.9210779567192633,
                0.41863225387867853
            ],
            [
                1,
                9,
                "t",
                6,
                "s",
                "u",
                2,
                8,
                4
            ]
        ]
    }
}