{
    "vertices": {
        "1": [
            [
                0.6400289420685517,
                0.0555713983907562
            ],
            [
                10,
                11,
                9,
                "t",
                6,
                "s",
                "u",
                2,
                8,
                4,
                7
            ]
        ],
        "10": [
            [
                0.19219985356314018,
                0.44784255249372307
            ],
            [
                1,
                11,
                9,
                "t",
                6,
                "s",
                "u",
                2,
                8,
                4,
                7
            ]
        ],
        "11": [
            [
                0.45506621664566593,
                0.525700582093556
            ],
            [
                1,
                10,
                9,
                "t",
                6,
                "s",
                "u",
                2,
                8,
                4,
                7
            ]
        ],
        "9": [
            [
                0.560187983156535,
                0.7631479875257928
            ],
            [
                1,
                10,
                11,
                "t",
                6,
                "s",
                "u",
                2,
                8,
                4,
                7
            ]
        ],
        "t": [
            [
                0.8199789816205525,
                0.4225926082247572
            ],
            [
                1,
                10,
                11,
                9,
                6,
                "s",
                "u",
                2,
                8,
                4,
                7
            ]
        ],
        "6": [
            [
                0.3841138644787512,
                0.6823231081075797
            ],
            [
                1,
                10,
                11,
                9,
                "t",
                "s",
                "u",
                2,
                8,
                4,
                7
            ]
        ],
        "s": [
            [
                0.5084115515811191,
                0.7008135927554737
            ],
            [
                1,
                10,
                11,
                9,
                "t",
                6,
                "u",
                2,
                8,
                4,
                7
            ]
        ],
        "u": [
            [
                0.4100372556898467,
                0.5178844876150379
            ],
            [
                1,
                10,
                11,
                9,
                "t",
                6,
                "s",
                2,
                8,
                4,
                7
            ]
        ],
        "2": [
            [
                0.20585981028678813,
                0.26403299013707116
            ],
            [
                1,
                10,
                11,
                9,
                "t",
                6,
                "s",
                "u",
                8,
                4,
                7
            ]
        ],
        "8": [
            [
                0.1444244951264657,
                0.41672842852167136
            ],
            [
                1,
                10,
                11,
                9,
                "t",
                6,
                "s",
                "u",
                2,
                4,
                7
            ]
        ],
        "4": [
            [
                0.0031513573861083888,
                0.5058512578678054
            ],
            [
                1,
                10,
                11,
                9,
                "t",
                6,
                "s",
                "u",
                2,
                8,
                7
            ]
        ],
        "7": [
            [
                0.27505245937613065,
                0.9680480605257543
            ],
            [
                1,
                10,
                11,
                9,
                "t",
                6,
                "s",
                "u",
                2,
                8,
                4
            ]
        ]
    }
}