{
    "vertices": {
        "s": [
            [
                1.0,
                0.0
            ],
            [
                "t",
                "u"
            ]
        ],
        "t": [
            [
                -0.4999999999999998,
                0.8660254037844387
            ],
            [
                "s",
                "u"
            ]
        ],
        "u": [
            [
                -0.5000000000000004,
                -0.8660254037844385
            ],
            [
                "s",
                "t"
            ]
        ]
    }
}