{
    "vertices": {
        "2": [
            [
                0.9017205940587733,
                0.5008490371751806
            ],
            [
                1,
                3
            ]
        ],
        "1": [
            [
                0.07761915091461524,
                0.17678599881876622
            ],
            [
                2,
                3
            ]
        ],
        "3": [
            [
                0.44505005967881095,
                0.03959210357201637
            ],
            [
                2,
                1
            ]
        ]
    }
}