{
    "vertices": {
        "t": [
            [
                0.5502222017790459,
                0.8092772742263513
            ],
            [
                "u",
                "s"
            ]
        ],
        "u": [
            [
                0.2533402356755807,
                0.9945152183307591
            ],
            [
                "t",
                "s"
            ]
        ],
        "s": [
            [
                0.6471469324944631,
                0.01680140427636878
            ],
            [
                "t",
                "u"
            ]
        ]
    }
}