{
    "vertices": {
        "t": [
            [
                0.007743315364176384,
                0.6444036357133617
            ],
            [
                3,
                4,
                "u",
                "s"
            ]
        ],
        "3": [
            [
                0.05799356530514066,
                0.12832652107853648
            ],
            [
                "t",
                4,
                "u",
                "s"
            ]
        ],
        "s": [
            [
                0.7742649871717463,
                0.37165633288699884
            ],
            [
                3,
                "t",
                4,
                "u"
            ]
        ],
        "u": [
            [
                0.62101254809933,
                0.6989682210229607
            ],
            [
                3,
                "t",
                4,
                "s"
            ]
        ],
        "4": [
            [
                0.30817353794367075,
                0.8089281750246944
            ],
            [
                3,
                "t",
                "u",
                "s"
            ]
        ]
    }
}