{
    "vertices": {
        "1": [
            [
                0.6295709846071107,
                0.040488862449978846
            ],
            [
                4,
                "s",
                "u",
                2,
                "t"
            ]
        ],
        "4": [
            [
                0.8406293390970773,
                0.8579125027290561
            ],
            [
                1,
                "s",
                "u",
                2,
                "t"
            ]
        ],
        "s": [
            [
                0.6936725780092319,
                0.29280630871707813
            ],
            [
                1,
                4,
                "u",
                2,
                "t"
            ]
        ],
        "u": [
            [
                0.10696016357307148,
                0.8217329518385263
            ],
            [
                1,
                4,
                "s",
                2,
                "t"
            ]
        ],
        "2": [
            [
                0.16203831513410538,
                0.9415409696992022
            ],
            [
                1,
                4,
                "s",
                "u",
                "t"
            ]
        ],
        "t": [
            [
                0.538350413279719,
                0.5223411109484798
            ],
            [
                1,
                4,
                "s",
                "u",
                2
            ]
        ]
    }
}