{
    "vertices": {
        "6": [
            [
                0.7560675171558748,
                0.44450801009200613
            ],
            [
                1,
                4,
                0,
                2,
                3,
                5,
                7
            ]
        ],
        "1": [
            [
                0.7725788963185775,
                0.40212801229424466
            ],
            [
                6,
                4,
                0,
                2,
                3,
                5,
                7
            ]
        ],
        "4": [
            [
                0.6808807147335035,
                0.9942464472328344
            ],
            [
                6,
                1,
                0,
                2,
                3,
                5,
                7
            ]
        ],
        "0": [
            [
                0.4181503144610941,
                0.9357760822628641
            ],
            [
                6,
                1,
                4,
                2,
                3,
                5,
                7
            ]
        ],
        "2": [
            [
                0.1619505244286501,
                0.1497146937369962
            ],
            [
                6,
                1,
                4,
                0,
                5,
                3,
                7
            ]
        ],
        "3": [
            [
                0.39386632165234303,
                0.6689417119070314
            ],
            [
                6,
                1,
                4,
                0,
                2,
                5,
                7
            ]
        ],
        "5": [
            [
                0.7181683776482427,
                0.6716014613831129
            ],
            [
                6,
                1,
                4,
                0,
                2,
                3,
                7
            ]
        ],
        "7": [
            [
                0.8006579251747383,
                0.7462647072094043
            ],
            [
                6,
                1,
                4,
                0,
                2,
                3,
                5
            ]
        ]
    }
}