{
    "vertices": {
        "1": [
            [
                0.24445106672432182,
                0.8021740415197869
            ],
            [
                8,
                6,
                0,
                4,
                5,
                2,
                3,
                7
            ]
        ],
        "8": [
            [
                0.18843133995260009,
                0.2672257617800361
            ],
            [
                1,
                6,
                0,
                4,
                5,
                2,
                3,
                7
            ]
        ],
        "6": [
            [
                0.6366469616149093,
                0.7828102389524756
            ],
            [
                1,
                8,
                0,
                4,
                5,
                2,
                3,
                7
            ]
        ],
        "0": [
            [
                0.5765392353448884,
                0.9817732442360786
            ],
            [
                1,
                8,
                6,
                4,
                5,
                2,
                3,
                7
            ]
        ],
        "4": [
            [
                0.49496927603099905,
                0.1777210302901281
            ],
            [
                1,
                8,
                6,
                0,
                5,
                2,
                3,
                7
            ]
        ],
        "5": [
            [
                0.47515167115634904,
                0.8534366919430472
            ],
            [
                1,
                8,
                6,
                0,
                4,
                2,
                3,
                7
            ]
        ],
        "2": [
            [
                0.8792958378111358,
                0.6559961501886643
            ],
            [
                1,
                8,
                6,
                0,
                4,
                5,
                3,
                7
            ]
        ],
        "3": [
            [
                0.4633712457111244,
                0.6338697485585272
            ],
            [
                1,
                8,
                6,
                0,
                4,
                5,
                2,
                7
            ]
        ],
        "7": [
            [
                0.31937386687724967,
                0.5098609530387499
            ],
            [
                1,
                8,
                6,
                0,
                4,
                5,
                2,
                3
            ]
        ]
    }
}