{
    "vertices": {
        "3": [
            [
                -0.4999999999999998,
                0.8660254037844387
            ],
            [
                6,
                "t",
                "u",
                8,
                5,
                4,
                "s",
                7
            ]
        ],
        "6": [
            [
                -0.5000000000000004,
                -0.8660254037844385
            ],
            [
                3,
                "t",
                "u",
                8,
                5,
                4,
                "s",
                7
            ]
        ],
        "t": [
            [
                0.766044443118978,
                0.6427876096865393
            ],
            [
                3,
                6,
                "u",
                8,
                5,
                4,
                "s",
                7
            ]
        ],
        "u": [
            [
                0.17364817766693041,
                0.984807753012208
            ],
            [
                3,
                6,
                "t",
                8,
                5,
                4,
                "s",
                7
            ]
        ],
        "8": [
            [
                0.7660444431189778,
                -0.6427876096865396
            ],
            [
                3,
                6,
                "t",
                "u",
                5,
                4,
                "s",
                7
            ]
        ],
        "5": [
            [
                -0.9396926207859084,
                -0.34202014332566866
            ],
            [
                3,
                6,
                "t",
                "u",
                8,
                4,
                "s",
                7
            ]
        ],
        "4": [
            [
                -0.9396926207859083,
                0.3420201433256689
            ],
            [
                3,
                6,
                "t",
                "u",
                8,
                5,
                "s",
                7
            ]
        ],
        "s": [
            [
                1.0,
                0.0
            ],
            [
                3,
                6,
                "t",
                "u",
                8,
                5,
                4,
                7
            ]
        ],
        "7": [
            [
                0.17364817766692997,
                -0.9848077530122081
            ],
            [
                3,
                6,
                "t",
                "u",
                8,
                5,
                4,
                "s"
            ]
        ]
    }
}