{
    "vertices": {
        "t": [
            [
                0.47202966322374706,
                0.10826660268799604
            ],
            [
                8,
                6,
                "s",
                4,
                "u",
                5,
                3,
                7
            ]
        ],
        "8": [
            [
                0.9944545816739698,
                0.059814499296168
            ],
            [
                "t",
                6,
                "s",
                4,
                "u",
                5,
                3,
                7
            ]
        ],
        "6": [
            [
                0.300647246942349,
                0.905246841190844
            ],
            [
                "t",
                8,
                "s",
                4,
                "u",
                5,
                3,
                7
            ]
        ],
        "s": [
            [
                0.25838999900585835,
                0.04309948981899725
            ],
            [
                "t",
                8,
                6,
                4,
                "u",
                5,
                3,
                7
            ]
        ],
        "4": [
            [
                0.5686460708601461,
                0.5831217439503665
            ],
            [
                "t",
                8,
                6,
                "s",
                "u",
                5,
                3,
                7
            ]
        ],
        "u": [
            [
                0.15574079625751514,
                0.20200809812279963
            ],
            [
                "t",
                8,
                6,
                "s",
                4,
                5,
                3,
                7
            ]
        ],
        "5": [
            [
                0.6053677201445758,
                0.6663017838053372
            ],
            [
                "t",
                8,
                6,
                "s",
                4,
                "u",
                3,
                7
            ]
        ],
        "3": [
            [
                0.9542449994991917,
                0.6756861299697189
            ],
            [
                "t",
                8,
                6,
                "s",
                4,
                "u",
                5,
                7
            ]
        ],
        "7": [
            [
                0.6816771381727308,
                0.7285968384024026
            ],
            [
                "t",
                8,
                6,
                "s",
                4,
                "u",
                5,
                3
            ]
        ]
    }
}