{
    "vertices": {
        "1": [
            [
                0.5300966482682771,
                0.7159417123268733
            ],
            [
                5,
                4,
                2
            ]
        ],
        "3": [
            [
                0.8519846426322861,
                0.21643743734235854
            ],
            [
                2,
                5
            ]
        ],
        "2": [
            [
                0.8002981962613577,
                0.5870321055499368
            ],
            [
                3,
                1,
                4
            ]
        ],
        "4": [
            [
                0.26327341038772356,
                0.44116351838674894
            ],
            [
                1,
                2
            ]
        ],
        "5": [
            [
                0.2741405172517434,
                0.8098326290426948
            ],
            [
                1,
                3
            ]
        ]
    }
}