{
    "vertices": {
        "3": [
            [
                0.5822868885384865,
                0.44555913428489136
            ],
            [
                2
            ]
        ],
        "1": [
            [
                0.056385158675223646,
                0.4090641284921698
            ],
            []
        ],
        "2": [
            [
                0.48248943438442415,
                0.5091089545631602
            ],
            [
                3
            ]
        ]
    }
}