{
    "vertices": {
        "1": [
            [
                0.5964743767632888,
                0.5906894933581442
            ],
            [
                2,
                3,
                6
            ]
        ],
        "4": [
            [
                0.3992931752092692,
                0.9376537437013319
            ],
            [
                2,
                6
            ]
        ],
        "2": [
            [
                0.8574374306651052,
                0.7634966768528577
            ],
            [
                4,
                1
            ]
        ],
        "3": [
            [
                0.47201657771111905,
                0.17708584633541646
            ],
            [
                1
            ]
        ],
        "6": [
            [
                0.0851762553916049,
                0.06739163651623026
            ],
            [
                4,
                1
            ]
        ],
        "7": [
            [
                0.5730440671444342,
                0.30249630526008586
            ],
            [
                5
            ]
        ],
        "5": [
            [
                0.29083513271358474,
                0.9814577217621464
            ],
            [
                7
            ]
        ]
    }
}