{
    "vertices": {
        "6": [
            [
                0.845574580126605,
                0.20656467741821505
            ],
            [
                3,
                5,
                2
            ]
        ],
        "3": [
            [
                0.6873574955127396,
                0.9846901841479684
            ],
            [
                6,
                2
            ]
        ],
        "5": [
            [
                0.7304448726415699,
                0.6312191683560208
            ],
            [
                1,
                6
            ]
        ],
        "1": [
            [
                0.047624859051755064,
                0.9492771371805127
            ],
            [
                5,
                2
            ]
        ],
        "2": [
            [
                0.15459587396467456,
                0.2419560460324891
            ],
            [
                1,
                6,
                3
            ]
        ]
    }
}