{
    "vertices": {
        "0_1_1_1_1_1_2": [
            [
                -0.8345502789108653,
                0.7677746019818521
            ],
            [
                "0_1_1_1_2",
                "0_1_1_1_1_2",
                "s"
            ]
        ],
        "0_1_2_2_1_1_2": [
            [
                -3.8571335302241403,
                3.790357853295128
            ],
            [
                "0_2_2_1_1_2",
                "0_2_1_1_2",
                "0_1_1_2"
            ]
        ],
        "0_1_1": [
            [
                6.517766952966367,
                11.035533905932732
            ],
            [
                "0_2_2_1_1",
                "0_2_1_1_1",
                "0_1_1_1_1",
                "0_1_1_1",
                "0_2_1_1",
                "0_1_2_1_1"
            ]
        ],
        "0_1_1_2_1_2_2": [
            [
                -6.203088473277927,
                9.693710309273849
            ],
            [
                "0_2_1_2_2",
                "0_1_2_1_2_2",
                "0_2_2"
            ]
        ],
        "0_2_1_2_2": [
            [
                -6.203088473277928,
                8.22969003249982
            ],
            [
                "0_1_1_2_1_2_2",
                "0_1_2_2_1_2_2",
                "0_2_1_2_1_2_2",
                "0_2_2_1_2_2",
                "0_1_2_1_2_2",
                "0_2_2_2_1_2_2"
            ]
        ],
        "0_1_2_2_1_2_2": [
            [
                -5.101018025074948,
                7.867740203928771
            ],
            [
                "0_2_1_2_2",
                "0_2_2_1_2_2",
                "0_1_2_2"
            ]
        ],
        "0": [
            [
                0,
                10.748509408594217
            ],
            [
                "0_2_2_2_1_2",
                "0_2_2_1_1",
                "0_2_2_2_2_1_2",
                "0_1_1_1_2_2",
                "0_1_1_1_1_2_2",
                "0_1_2_1",
                "0_2_1_1",
                "0_1_1_2_1"
            ]
        ],
        "0_1_1_2_1_1_2": [
            [
                -2.0311634248790633,
                4.892428301498105
            ],
            [
                "0_1_2_1_1_2",
                "0_2_1_1_2",
                "0_1_2"
            ]
        ],
        "0_1_2_2_2_1_2": [
            [
                -1.9366207271138436,
                8.54436851218826
            ],
            [
                "0_2_2_2_1_2",
                "0_2_1_2",
                "0_2_2_1_2"
            ]
        ],
        "0_1_1_2_2_1_2": [
            [
                -0.834550278910865,
                6.718398406843183
            ],
            [
                "0_1_2_2_1_2",
                "0_1_2",
                "0_2_2_1_2"
            ]
        ],
        "0_2_1": [
            [
                0.6893398282201781,
                5.207106781186544
            ],
            [
                "0_2_2_1",
                "0_1_2_2_1",
                "0_2_1_2_1",
                "0_1_2_1",
                "0_2_2_2_1",
                "0_1_1_2_1"
            ]
        ],
        "0_2_1_1_2": [
            [
                -3.495183701653091,
                4.892428301498106
            ],
            [
                "0_2_2_1_1_2",
                "0_1_2_2_1_1_2",
                "0_2_1_2_1_1_2",
                "0_1_1_2_1_1_2",
                "0_1_2_1_1_2",
                "0_2_2_2_1_1_2"
            ]
        ],
        "0_2_1_1_2_1_2": [
            [
                -3.8571335302241403,
                6.623855709077963
            ],
            [
                "0_2_1_2",
                "0_1_2_1_2",
                "0_1_1_2_1_2"
            ]
        ],
        "0_1_2_2_1_2": [
            [
                -1.8420780293486243,
                6.812941104608402
            ],
            [
                "0_1_2",
                "0_2_1_2_2_1_2",
                "0_2_1_2",
                "0_2_2_1_2",
                "0_1_1_2_2_1_2"
            ]
        ],
        "0_2_1_1": [
            [
                3.517766952966368,
                8.828427124746186
            ],
            [
                "0_2_2_1_1",
                "0_1_1",
                "0_1",
                "0",
                "0_1_2_1_1"
            ]
        ],
        "0_1_2_1_2_2": [
            [
                -5.195560722840169,
                9.599167611508626
            ],
            [
                "0_1_1_2_1_2_2",
                "0_1_2_2",
                "0_2_1_2_2",
                "0_2_1_2_1_2_2",
                "0_2_2"
            ]
        ],
        "0_2_2": [
            [
                -6.517766952966366,
                10.748509408594217
            ],
            [
                "0_1_1_2_1_2_2",
                "t",
                "0_2_1_1_2_2",
                "0_2_2_1_1_2_2",
                "0_2",
                "0_1_2_1_2_2"
            ]
        ],
        "0_2_2_1_1": [
            [
                3.31066017177982,
                11.035533905932732
            ],
            [
                "0_2_1_1",
                "0",
                "0_1_1"
            ]
        ],
        "0_2_2_1_1_2": [
            [
                -4.864661280661899,
                3.8849005510603476
            ],
            [
                "0_1_2_2_1_1_2",
                "0_1_1_2",
                "0_2_2_2_1_1_2",
                "0_2_1_1_2",
                "0_2"
            ]
        ],
        "0_2_1_2_1_1_2": [
            [
                -3.1332338730820424,
                3.790357853295127
            ],
            [
                "0_1_2_1_1_2",
                "0_2_1_1_2",
                "0_1_1_2"
            ]
        ],
        "0_2_2_2_2_1_2": [
            [
                -0.8345502789108652,
                9.646438960391238
            ],
            [
                "0_2_2_2_1_2",
                "0",
                "0_2_2_1_2"
            ]
        ],
        "0_2_2_1": [
            [
                2.8964466094067247,
                2.207106781186546
            ],
            [
                "s",
                "0_1",
                "0_1_2_2_1",
                "0_2_1",
                "0_2_2_2_1"
            ]
        ],
        "0_1_1_1_2": [
            [
                -0.8345502789108653,
                2.2317948787558795
            ],
            [
                "0_1_1_1_1_1_2",
                "0_1_1_1_1_2",
                "0_2_2_1_1_1_2",
                "0_2_1_1_1_2",
                "0_1_2_1_1_1_2",
                "0_2_1_1_1_1_2"
            ]
        ],
        "0_2_1_2": [
            [
                -3.353369655005261,
                8.04060463696938
            ],
            [
                "0_2_2_2_1_2",
                "0_2_1_2_1_2",
                "0_2_1_2_2_1_2",
                "0_1_1_2_1_2",
                "0_1_2_2_2_1_2",
                "0_2_1_1_2_1_2",
                "0_1_2_2_1_2",
                "0_1_2_1_2_1_2"
            ]
        ],
        "0_1_1_2": [
            [
                -3.353369655005261,
                2.37360892540371
            ],
            [
                "0_2_2_1_1_2",
                "0_1_1_1_1_2",
                "0_1_2_2_1_1_2",
                "0_2_1_2_1_1_2",
                "0_1_2_1_1_2",
                "0_2_1_1_1_2",
                "0_1_2_1_1_1_2",
                "0_2_1_1_1_1_2"
            ]
        ],
        "0_1_2_2_1": [
            [
                3.103553390593273,
                4.414213562373093
            ],
            [
                "0_2_2_1",
                "0_1",
                "0_2_1"
            ]
        ],
        "0_2_2_1_2_1_2": [
            [
                -2.0311634248790638,
                5.521785260874984
            ],
            [
                "0_2_1_2_1_2",
                "0_1_2",
                "0_1_2_1_2"
            ]
        ],