{
    "vertices": {
        "0_1": [
            [
                7.5762273851795285,
                5.742122468937817
            ],
            [
                "0_2_1_2_1",
                "0_1_2_2_1",
                "0_2_1_1",
                "0_1_1_1",
                "0_1_2_1",
                "0_2_2_1",
                "0_1_1"
            ]
        ],
        "0_1_2_2_1": [
            [
                4.468360626864229,
                4.654369103527463
            ],
            [
                "0_1",
                "0_2_1",
                "0_2_2_1"
            ]
        ],
        "0_2": [
            [
                -4.371320343559641,
                5.517766952966368
            ],
            [
                "0_1_2_2_2",
                "0_2_1_2",
                "0_1_2",
                "0_2_2_2",
                "0_1_1_2",
                "0_1_2_2",
                "0_2_1_2_2"
            ]
        ],
        "0_1_2_2": [
            [
                -1.681980515339464,
                8.828427124746188
            ],
            [
                "0_1_1_2_2",
                "0",
                "0_2",
                "0_2_2",
                "0_2_1_2_2"
            ]
        ],
        "0_2_2_1": [
            [
                3.458303930411759,
                3.0227390554119307
            ],
            [
                "0_1",
                "0_2_2_2_1",
                "s",
                "0_1_2_2_1",
                "0_2_1"
            ]
        ],
        "0_1_1_2_1": [
            [
                1.282797199591048,
                7.762235861842759
            ],
            [
                "0",
                "0_2_1",
                "0_1_2_1"
            ]
        ],
        "0_2_2_2_1": [
            [
                1.2051005306331675,
                3.5666157381171093
            ],
            [
                "s",
                "0_2_1",
                "0_2_2_1"
            ]
        ],
        "s": [
            [
                0.4281338410543434,
                0.9925877146480708
            ],
            [
                "0_1_1_2",
                "0_2_2_2_1",
                "0_2_2_1",
                "0_1_2"
            ]
        ],
        "0_2_2_2": [
            [
                -7.681980515339461,
                8.828427124746188
            ],
            [
                "0_1_2_2_2",
                "t",
                "0_2_2_2_2",
                "0_2",
                "0_2_2"
            ]
        ],
        "0_1_1_1": [
            [
                10.21791412974753,
                7.762235861842759
            ],
            [
                "u",
                "0_1",
                "0_1_1"
            ]
        ],
        "0_2_2": [
            [
                -4.681980515339463,
                11.035533905932734
            ],
            [
                "0_1_2_2_2",
                "0_2_2_2_2",
                "0_1_1_2_2",
                "0_2_2_2",
                "0_1_2_2",
                "0_2_1_2_2"
            ]
        ],
        "0_2_1": [
            [
                1.5935838754225777,
                5.509032462064168
            ],
            [
                "0_1_1_2_1",
                "0_2_2_2_1",
                "0_2_1_2_1",
                "0_1_2_2_1",
                "0_1_2_1",
                "0_2_2_1"
            ]
        ],
        "0_1_2_2_2": [
            [
                -5.474873734152914,
                8.62132034355964
            ],
            [
                "0_2_2",
                "0_2",
                "0_2_2_2"
            ]
        ],
        "0_2_1_2": [
            [
                -0.7376218494310698,
                7.487826496345376
            ],
            [
                "0",
                "0_1_2",
                "0_2"
            ]
        ],
        "0_1_1_2_2": [
            [
                -1.474873734152916,
                11.035533905932734
            ],
            [
                "0_2_2",
                "0",
                "0_1_2_2"
            ]
        ],
        "0_1_2": [
            [
                0.45622201728723,
                5.2614690151680055
            ],
            [
                "0_2_1_2",
                "s",
                "0_1_1_2",
                "0",
                "0_2"
            ]
        ],
        "u": [
            [
                13.270496719765873,
                10.380205244228383
            ],
            [
                "0_1_1_1",
                "0_1_1"
            ]
        ],
        "0_2_1_1": [
            [
                4.701450633737878,
                9.316169241000408
            ],
            [
                "0_1",
                "0",
                "0_1_1"
            ]
        ],
        "0_1_2_1": [
            [
                3.0698205856223453,
                7.762235861842759
            ],
            [
                "0_1",
                "0_1_1_2_1",
                "0_2_1_2_1",
                "0",
                "0_2_1"
            ]
        ],
        "t": [
            [
                -9.889087296526009,
                11.035533905932734
            ],
            [
                "0_2_2_2_2",
                "0_2_2_2"
            ]
        ],
        "0_2_1_2_2": [
            [
                -3.8890872965260104,
                8.62132034355964
            ],
            [
                "0_2_2",
                "0_1_2_2",
                "0_2"
            ]
        ],
        "0_2_2_2_2": [
            [
                -7.88908729652601,
                11.035533905932734
            ],
            [
                "t",
                "0_2_2",
                "0_2_2_2"
            ]
        ],
        "0_2_1_2_1": [
            [
                4.235270619990583,
                6.363695820600876
            ],
            [
                "0_1",
                "0_2_1",
                "0_1_2_1"
            ]
        ],
        "0_1_1_2": [
            [
                -2.308750035231699,
                3.505073312875232
            ],
            [
                "0_1_2",
                "s",
                "0_2"
            ]
        ],
        "0": [
            [
                0,
                11.035533905932734
            ],
            [
                "0_1_1_2_1",
                "0_2_1_2",
                "0_1_1_2_2",
                "0_1_2",
                "0_2_1_1",
                "0_1_2_1",
                "0_1_2_2",
                "0_1_1"
            ]
        ],
        "0_1_1": [
            [
                6.643867357684936,
                10.714709282242291
            ],
            [
                "0_1",
                "u",
                "0_2_1_1",
                "0",
                "0_1_1_1"
            ]
        ]
    }
}