{
    "vertices": {
        "0_2_2_2_1": [
            [
                0.5125631329235416,
                3.12132034355964
            ],
            [
                "s",
                "0_1_2_2_2_1",
                "0_2_2_2_2_1",
                "0_2_1",
                "0_2_2_1"
            ]
        ],
        "0_1_2_2_1_1": [
            [
                6.315863991822646,
                15.167261889578027
            ],
            [
                "0_2_1_1",
                "0_2_2_1_1",
                "0_1_1"
            ]
        ],
        "0_1_1_1_2_2": [
            [
                -2.9016504294495515,
                15.167261889578029
            ],
            [
                "0",
                "0_1_1_2_2",
                "0_1_2_2"
            ]
        ],
        "0_2_2_2_2_2": [
            [
                -15.67982502250157,
                15.167261889578029
            ],
            [
                "0_2_2_2_2",
                "t",
                "0_2_2_2"
            ]
        ],
        "0_1_1_2_2": [
            [
                -4.6087572106360986,
                16.58147545195112
            ],
            [
                "0_2_2",
                "0_1_1_1_2_2",
                "0_1_2_2",
                "0",
                "0_2_1_1_2_2"
            ]
        ],
        "0_1_1_2_2_1": [
            [
                6.462310601229372,
                5.94974746830583
            ],
            [
                "0_1",
                "0_2_2_1",
                "0_1_2_2_1"
            ]
        ],
        "0_2_2_2": [
            [
                -13.4120580695352,
                12.89949493661166
            ],
            [
                "0_2_1_2_2_2",
                "0_2_2_2_2_2",
                "0_1_2_2_2_2",
                "0_2_2_2_2",
                "0_1_2_2_2",
                "0_1_1_2_2_2"
            ]
        ],
        "u": [
            [
                17.094038584874664,
                16.58147545195112
            ],
            [
                "0_1_1_1_1",
                "0_1_1_1_1_1"
            ]
        ],
        "t": [
            [
                -17.094038584874664,
                16.58147545195112
            ],
            [
                "0_2_2_2_2",
                "0_2_2_2_2_2"
            ]
        ],
        "0_2_1_2": [
            [
                -4.194543648263004,
                11.924621202458745
            ],
            [
                "0_2_2_1_2",
                "0_1_2_1_2",
                "0_2_2_2_1_2",
                "0_2_1_2_1_2",
                "0_1_2_2_1_2",
                "0_1_1_2_1_2"
            ]
        ],
        "0_2_1_1": [
            [
                5.169417382415919,
                12.89949493661166
            ],
            [
                "0_2_2_1_1",
                "0_1_2_2_1_1",
                "0_1_1_2_1_1",
                "0_1_2_1_1",
                "0_2_1_2_1_1",
                "0_2_2_2_1_1"
            ]
        ],
        "0_2_2_2_1_1": [
            [
                2.9016504294495515,
                15.167261889578029
            ],
            [
                "0_2_1_1",
                "0_2_2_1_1",
                "0"
            ]
        ],
        "0_1_2_2_1_2": [
            [
                -1.926776695296636,
                10.778174593052018
            ],
            [
                "0_2_2_1_2",
                "0_2_1_2",
                "0_1_2"
            ]
        ],
        "0_1_1": [
            [
                9.29073772597556,
                16.58147545195112
            ],
            [
                "0_2_1_1_1_1",
                "0_1_1_1_1",
                "0_2_2_1_1",
                "0_1_2_2_1_1",
                "0_1_2_1_1_1",
                "0_2_1_1_1",
                "0_1_2_1_1",
                "0_2_1_2_1_1"
            ]
        ],
        "0_1_1_2_2_2": [
            [
                -11.144291116568834,
                10.631727983645291
            ],
            [
                "0_1_2_2_2",
                "0_2_2_2",
                "0_2"
            ]
        ],
        "0_2_2_1_2_2": [
            [
                -7.437184335382288,
                10.631727983645291
            ],
            [
                "0_2_1_2_2",
                "0_2",
                "0_1_2_2"
            ]
        ],
        "0_2_1_1_1_1": [
            [
                12.265611460128476,
                15.167261889578027
            ],
            [
                "0_1_1_1_1",
                "0_1_1",
                "0_1_1_1"
            ]
        ],
        "0_1_1_1_2": [
            [
                -0.5125631329235416,
                3.12132034355964
            ],
            [
                "0_1_1_1_1_2",
                "s",
                "0_2_1_1_1_2",
                "0_1_1_2",
                "0_1_2"
            ]
        ],
        "0_2_1_2_2_2": [
            [
                -11.144291116568834,
                14.045941546018387
            ],
            [
                "0_2_2",
                "0_1_2_2_2",
                "0_2_2_2"
            ]
        ],
        "0_1_1_2_1_1": [
            [
                7.437184335382288,
                10.631727983645291
            ],
            [
                "0_2_1_1",
                "0_1_2_1_1",
                "0_1"
            ]
        ],
        "0_1_2_1_1_2": [
            [
                -3.048097038856277,
                5.94974746830583
            ],
            [
                "0_1_1_2",
                "0_2_1_1_2",
                "0_1_2"
            ]
        ],
        "0_1_2_1_2": [
            [
                -4.755203820042824,
                8.242640687119284
            ],
            [
                "0_2_1_2_1_2",
                "0_2_1_2",
                "0_1_2",
                "0_2",
                "0_1_1_2_1_2"
            ]
        ],
        "0_1_1_1": [
            [
                13.4120580695352,
                12.89949493661166
            ],
            [
                "0_2_1_1_1_1",
                "0_1_1_1_1",
                "0_2_2_1_1_1",
                "0_1_2_1_1_1",
                "0_2_1_1_1",
                "0_1_1_1_1_1"
            ]
        ],
        "0_1_2_2_1": [
            [
                4.755203820042825,
                7.363961030678926
            ],
            [
                "0_1",
                "0_1_1_2_2_1",
                "0_2_1_2_2_1",
                "0_2_1",
                "0_2_2_1"
            ]
        ],
        "0": [
            [
                0,
                16.58147545195112
            ],
            [
                "0_2_2_1_2",
                "0_2_2_1_1",
                "0_1_1_1_2_2",
                "0_1_1_2_2",
                "0_1_1_1_2_1",
                "0_2_2_2_1_2",
                "0_1_1_2_1",
                "0_2_2_2_1_1"
            ]
        ],
        "0_2_1_2_1_2": [
            [
                -3.048097038856277,
                9.656854249492376
            ],
            [
                "0_1_2_1_2",
                "0_2_1_2",
                "0_1_2"
            ]
        ],
        "0_1_2_2_2_1": [
            [
                1.926776695296636,
                4.828427124746188
            ],
            [
                "0_2_2_2_1",
                "0_2_1",
                "0_2_2_1"
            ]
        ],
        "0_2_1_2_2_1": [
            [
                3.048097038856277,
                5.94974746830583
            ],
            [
                "0_2_1",
                "0_2_2_1",
                "0_1_2_2_1"
            ]
        ],
        "0_1_1_1_1_1": [
            [
                15.67982502250157,
                15.167261889578029
            ],
            [
                "u",
                "0_1_1_1_1",
                "0_1_1_1"
            ]
        ],