{
    "vertices": {
        "0_1_1_2": [
            [
                -2.8964466094067247,
                2.207106781186546
            ],
            [
                "s",
                "0_1_2",
                "0_2_1_1_2",
                "0_2",
                "0_1_1_1_2"
            ]
        ],
        "0_2_2_1_2": [
            [
                -0.6893398282201784,
                8.414213562373092
            ],
            [
                "0",
                "0_2_1_2",
                "0_1_2"
            ]
        ],
        "0_1_2_2": [
            [
                -3.517766952966368,
                8.828427124746186
            ],
            [
                "0_2_1_2_2",
                "0_2_2",
                "0_1_1_2_2",
                "0",
                "0_2"
            ]
        ],
        "0_1_1_1": [
            [
                9.517766952966365,
                8.828427124746186
            ],
            [
                "u",
                "0_2_1_1_1",
                "0_1_1",
                "0_1",
                "0_1_1_1_1"
            ]
        ],
        "0_2_2_1_1": [
            [
                3.31066017177982,
                11.035533905932732
            ],
            [
                "0_1_1",
                "0_2_1_1",
                "0"
            ]
        ],
        "0_2_1_1_2": [
            [
                -3.103553390593273,
                4.414213562373093
            ],
            [
                "0_2",
                "0_1_1_2",
                "0_1_2"
            ]
        ],
        "0_2_2_2": [
            [
                -9.517766952966365,
                8.828427124746186
            ],
            [
                "0_2_2",
                "t",
                "0_2_2_2_2",
                "0_1_2_2_2",
                "0_2"
            ]
        ],
        "0_1_1_1_2": [
            [
                -0.6893398282201786,
                1.9999999999999982
            ],
            [
                "s",
                "0_1_1_2",
                "0_1_2"
            ]
        ],
        "u": [
            [
                11.724873734152911,
                11.035533905932732
            ],
            [
                "0_1_1_1_1",
                "0_1_1_1"
            ]
        ],
        "0_1_2": [
            [
                -0.6893398282201781,
                5.207106781186544
            ],
            [
                "0_1_1_2",
                "0_2_2_1_2",
                "0_2_1_1_2",
                "0_2_1_2",
                "0_1_2_1_2",
                "0_1_1_1_2"
            ]
        ],
        "0_2_1_2_2": [
            [
                -5.724873734152915,
                8.621320343559638
            ],
            [
                "0_2_2",
                "0_1_2_2",
                "0_2"
            ]
        ],
        "0_1_1_2_2": [
            [
                -3.31066017177982,
                11.035533905932732
            ],
            [
                "0_2_2",
                "0_1_2_2",
                "0"
            ]
        ],
        "0_2_1_1_1": [
            [
                7.310660171779818,
                8.621320343559638
            ],
            [
                "0_1_1",
                "0_1",
                "0_1_1_1"
            ]
        ],
        "0_2_1_2": [
            [
                -2.896446609406725,
                8.207106781186543
            ],
            [
                "0_1_2_1_2",
                "0_1_2",
                "0_2_2_1_2",
                "0",
                "0_2"
            ]
        ],
        "0_1_2_2_2": [
            [
                -7.310660171779818,
                8.621320343559638
            ],
            [
                "0_2_2",
                "0_2",
                "0_2_2_2"
            ]
        ],
        "s": [
            [
                0,
                0.0
            ],
            [
                "0_1_1_2",
                "0_2_2_1",
                "0_2_2_2_1",
                "0_1_1_1_2"
            ]
        ],
        "0_2_1": [
            [
                0.6893398282201781,
                5.207106781186544
            ],
            [
                "0_1_1_2_1",
                "0_2_2_1",
                "0_1_2_2_1",
                "0_2_2_2_1",
                "0_1_2_1",
                "0_2_1_2_1"
            ]
        ],
        "0_2_2_1": [
            [
                2.8964466094067247,
                2.207106781186546
            ],
            [
                "s",
                "0_2_1",
                "0_1_2_2_1",
                "0_2_2_2_1",
                "0_1"
            ]
        ],
        "0": [
            [
                0,
                11.035533905932732
            ],
            [
                "0_2_2_1_2",
                "0_1_1_2_1",
                "0_1_1_2_2",
                "0_2_2_1_1",
                "0_1_2_2",
                "0_2_1_2",
                "0_2_1_1",
                "0_1_2_1"
            ]
        ],
        "0_1_2_1_1": [
            [
                5.724873734152915,
                8.621320343559638
            ],
            [
                "0_1_1",
                "0_1",
                "0_2_1_1"
            ]
        ],
        "0_1_2_2_1": [
            [
                3.103553390593273,
                4.414213562373093
            ],
            [
                "0_2_1",
                "0_2_2_1",
                "0_1"
            ]
        ],
        "0_1": [
            [
                6.207106781186545,
                5.517766952966366
            ],
            [
                "0_2_2_1",
                "0_1_1_1",
                "0_2_1_1_1",
                "0_1_2_1_1",
                "0_1_2_2_1",
                "0_2_1_1",
                "0_1_2_1",
                "0_2_1_2_1"
            ]
        ],
        "0_2_1_1": [
            [
                3.517766952966368,
                8.828427124746186
            ],
            [
                "0_2_2_1_1",
                "0",
                "0_1_2_1_1",
                "0_1_1",
                "0_1"
            ]
        ],
        "0_1_1_1_1": [
            [
                9.724873734152913,
                11.035533905932732
            ],
            [
                "0_1_1",
                "u",
                "0_1_1_1"
            ]
        ],
        "0_2": [
            [
                -6.207106781186545,
                5.517766952966366
            ],
            [
                "0_1_1_2",
                "0_2_2_2",
                "0_2_1_2_2",
                "0_1_2_2",
                "0_2_1_1_2",
                "0_2_1_2",
                "0_1_2_2_2",
                "0_1_2_1_2"
            ]
        ],
        "0_2_2": [
            [
                -6.517766952966367,
                11.035533905932732
            ],
            [
                "0_2_1_2_2",
                "0_2_2_2",
                "0_1_1_2_2",
                "0_1_2_2",
                "0_2_2_2_2",
                "0_1_2_2_2"
            ]
        ],
        "0_1_1_2_1": [
            [
                0.6893398282201784,
                8.414213562373092
            ],
            [
                "0_2_1",
                "0_1_2_1",
                "0"
            ]
        ],
        "0_1_1": [
            [
                6.517766952966367,
                11.035533905932732
            ],
            [
                "0_1_1_1",
                "0_2_2_1_1",
                "0_2_1_1_1",
                "0_1_2_1_1",
                "0_2_1_1",
                "0_1_1_1_1"
            ]
        ],
        "0_2_2_2_1": [
            [
                0.6893398282201786,
                1.9999999999999982
            ],
            [
                "s",
                "0_2_1",
                "0_2_2_1"
            ]
        ],