{
    "vertices": {
        "u": [
            [
                0.7071067811865475,
                0.7071067811865475
            ],
            [
                "t",
                "s"
            ]
        ],
        "t": [
            [
                -0.7071067811865475,
                0.7071067811865475
            ],
            [
                "u",
                "s"
            ]
        ],
        "s": [
            [
                0,
                0
            ],
            [
                "u",
                "t"
            ]
        ]
    }
}