{
    "vertices": {
        "t": [
            [
                -5.207106781186546,
                2.3284271247461894
            ],
            [
                "0_2_2",
                "0_2"
            ]
        ],
        "0_1": [
            [
                2.3158329088940484,
                -0.1742420482714806
            ],
            [
                "0",
                "s",
                "u"
            ]
        ],
        "0": [
            [
                0,
                2.3284271247461894
            ],
            [
                "0_1",
                "s",
                "0_2",
                "0_1_2",
                "0_2_2",
                "u"
            ]
        ],
        "s": [
            [
                -0.1021362276969775,
                -2.5041991401040757
            ],
            [
                "0_1",
                "0",
                "0_1_2",
                "0_2"
            ]
        ],
        "0_2": [
            [
                -2.999999999999999,
                0.12132034355964261
            ],
            [
                "t",
                "0",
                "s",
                "0_1_2",
                "0_2_2"
            ]
        ],
        "0_1_2": [
            [
                -1.000239049859359,
                -0.46619658212021164
            ],
            [
                "0",
                "s",
                "0_2"
            ]
        ],
        "0_2_2": [
            [
                -3.207106781186547,
                2.32842712474619
            ],
            [
                "t",
                "0",
                "0_2"
            ]
        ],
        "u": [
            [
                5.089190366385131,
                2.152044645578502
            ],
            [
                "0",
                "0_1"
            ]
        ]
    }
}