{
    "vertices": {
        "0_1_2_2": [
            [
                -2.974873734152915,
                3.353553390593273
            ],
            [
                "0",
                "0_2_2",
                "0_2"
            ]
        ],
        "0_2_2": [
            [
                -4.681980515339463,
                4.767766952966367
            ],
            [
                "0_1_2_2",
                "t",
                "0_2",
                "0_2_2_2",
                "0"
            ]
        ],
        "0_1_2": [
            [
                -0.43933982822017903,
                0.5251262658470837
            ],
            [
                "0_2_1_2",
                "s",
                "0_1_1_2",
                "0_2",
                "0"
            ]
        ],
        "0_2_1_2": [
            [
                -1.8535533905932733,
                2.232233047033631
            ],
            [
                "0",
                "0_1_2",
                "0_2"
            ]
        ],
        "0_1_1_2": [
            [
                -1.8535533905932733,
                -1.1819805153394638
            ],
            [
                "s",
                "0_1_2",
                "0_2"
            ]
        ],
        "0_1": [
            [
                3.594817949641488,
                1.5354090229675794
            ],
            [
                "s",
                "0_1_1",
                "u",
                "0_2_1",
                "0"
            ]
        ],
        "s": [
            [
                0.40064191891643297,
                -3.1115125777808723
            ],
            [
                "0_2_1",
                "0_1",
                "0_1_2",
                "0_1_1_2"
            ]
        ],
        "0_1_1": [
            [
                2.8816467730521946,
                4.73249882263313
            ],
            [
                "0",
                "u",
                "0_1"
            ]
        ],
        "t": [
            [
                -7.803300858899104,
                4.767766952966367
            ],
            [
                "0_2_2",
                "0_2_2_2"
            ]
        ],
        "u": [
            [
                5.798272898309241,
                4.688307517704993
            ],
            [
                "0_1_1",
                "0_1"
            ]
        ],
        "0_2": [
            [
                -4.121320343559642,
                1.0857864376269046
            ],
            [
                "0_1_2_2",
                "0_2_2",
                "0_2_1_2",
                "0_1_2",
                "0_1_1_2",
                "0_2_2_2"
            ]
        ],
        "0_2_2_2": [
            [
                -6.38908729652601,
                3.353553390593273
            ],
            [
                "0_2_2",
                "0_2",
                "t"
            ]
        ],
        "0_2_1": [
            [
                1.176370383521089,
                0.8053116445161379
            ],
            [
                "s",
                "0",
                "0_1"
            ]
        ],
        "0": [
            [
                0,
                4.767766952966367
            ],
            [
                "0_1_2_2",
                "0_2_2",
                "0_2_1_2",
                "0_1_2",
                "0_1",
                "0_1_1",
                "0_2_1"
            ]
        ]
    }
}