{
    "vertices": {
        "0_1": [
            [
                2.999999999999999,
                2.207106781186547
            ],
            [
                "0_2_1",
                "0",
                "u",
                "0_1_1",
                "s"
            ]
        ],
        "0_1_2": [
            [
                -0.7928932188134521,
                1.9999999999999991
            ],
            [
                "0",
                "0_2",
                "s"
            ]
        ],
        "0_2_1": [
            [
                0.7928932188134521,
                1.9999999999999991
            ],
            [
                "0",
                "0_1",
                "s"
            ]
        ],
        "0_2": [
            [
                -2.999999999999999,
                2.207106781186547
            ],
            [
                "0_1_2",
                "0",
                "0_2_2",
                "t",
                "s"
            ]
        ],
        "0": [
            [
                0,
                4.414213562373094
            ],
            [
                "0_1",
                "0_1_2",
                "0_2_1",
                "0_2",
                "0_2_2",
                "0_1_1"
            ]
        ],
        "0_2_2": [
            [
                -3.207106781186547,
                4.414213562373094
            ],
            [
                "0",
                "0_2",
                "t"
            ]
        ],
        "u": [
            [
                5.207106781186546,
                4.414213562373094
            ],
            [
                "0_1",
                "0_1_1"
            ]
        ],
        "0_1_1": [
            [
                3.207106781186547,
                4.414213562373094
            ],
            [
                "0",
                "0_1",
                "u"
            ]
        ],
        "t": [
            [
                -5.207106781186546,
                4.414213562373094
            ],
            [
                "0_2_2",
                "0_2"
            ]
        ],
        "s": [
            [
                0,
                0.0
            ],
            [
                "0_1",
                "0_1_2",
                "0_2_1",
                "0_2"
            ]
        ]
    }
}