{
    "vertices": {
        "s": [
            [
                0,
                0.0
            ],
            [
                "0_1",
                "0_2",
                "0"
            ]
        ],
        "0_2": [
            [
                -1.7071067811865475,
                1.4142135623730945
            ],
            [
                "s",
                "0",
                "t"
            ]
        ],
        "0": [
            [
                0,
                2.8284271247461894
            ],
            [
                "s",
                "0_2",
                "0_1",
                "u",
                "t"
            ]
        ],
        "0_1": [
            [
                1.7071067811865475,
                1.4142135623730945
            ],
            [
                "s",
                "0",
                "u"
            ]
        ],
        "u": [
            [
                3.121320343559642,
                2.8284271247461894
            ],
            [
                "0_1",
                "0"
            ]
        ],
        "t": [
            [
                -3.121320343559642,
                2.8284271247461894
            ],
            [
                "0_2",
                "0"
            ]
        ]
    }
}