{
    "vertices": {
        "0_1_1_2": [
            [
                -1.8535533905932733,
                1.414213562373094
            ],
            [
                "0_1_2",
                "s",
                "0_2"
            ]
        ],
        "0_2_2_1": [
            [
                1.8535533905932733,
                1.414213562373094
            ],
            [
                "0_2_1",
                "s",
                "0_1"
            ]
        ],
        "0_2_1_1": [
            [
                2.974873734152915,
                5.949747468305831
            ],
            [
                "0_1",
                "0_1_1",
                "0"
            ]
        ],
        "0": [
            [
                0,
                7.363961030678925
            ],
            [
                "0_1_2_1",
                "0_1_2",
                "0_1_2_2",
                "0_2_1_1",
                "0_2_2",
                "0_2_1_2",
                "0_2_1",
                "0_1_1"
            ]
        ],
        "0_1": [
            [
                4.121320343559642,
                3.6819805153394625
            ],
            [
                "0_1_2_1",
                "0_2_2_1",
                "0_2_1_1",
                "0_2_1",
                "0_1_1",
                "0_1_1_1"
            ]
        ],
        "0_2_1": [
            [
                0.43933982822017903,
                3.1213203435596415
            ],
            [
                "0_1_2_1",
                "0_2_2_1",
                "s",
                "0",
                "0_1"
            ]
        ],
        "0_1_1": [
            [
                4.681980515339463,
                7.363961030678925
            ],
            [
                "0_2_1_1",
                "0",
                "0_1",
                "u",
                "0_1_1_1"
            ]
        ],
        "0_2_2_2": [
            [
                -6.38908729652601,
                5.949747468305831
            ],
            [
                "0_2",
                "t",
                "0_2_2"
            ]
        ],
        "0_1_2": [
            [
                -0.43933982822017903,
                3.1213203435596415
            ],
            [
                "0_1_1_2",
                "0_2",
                "s",
                "0",
                "0_2_1_2"
            ]
        ],
        "s": [
            [
                0,
                0.0
            ],
            [
                "0_2_1",
                "0_1_1_2",
                "0_2_2_1",
                "0_1_2"
            ]
        ],
        "0_2_2": [
            [
                -4.681980515339463,
                7.363961030678925
            ],
            [
                "t",
                "0_2",
                "0_1_2_2",
                "0",
                "0_2_2_2"
            ]
        ],
        "u": [
            [
                7.803300858899104,
                7.363961030678925
            ],
            [
                "0_1_1",
                "0_1_1_1"
            ]
        ],
        "t": [
            [
                -7.803300858899104,
                7.363961030678925
            ],
            [
                "0_2_2",
                "0_2_2_2"
            ]
        ],
        "0_1_2_1": [
            [
                1.8535533905932733,
                4.828427124746189
            ],
            [
                "0_2_1",
                "0_1",
                "0"
            ]
        ],
        "0_2": [
            [
                -4.121320343559642,
                3.6819805153394625
            ],
            [
                "0_1_1_2",
                "0_1_2",
                "0_1_2_2",
                "0_2_2",
                "0_2_1_2",
                "0_2_2_2"
            ]
        ],
        "0_1_2_2": [
            [
                -2.974873734152915,
                5.949747468305831
            ],
            [
                "0_2",
                "0",
                "0_2_2"
            ]
        ],
        "0_2_1_2": [
            [
                -1.8535533905932733,
                4.828427124746189
            ],
            [
                "0_1_2",
                "0_2",
                "0"
            ]
        ],
        "0_1_1_1": [
            [
                6.38908729652601,
                5.949747468305831
            ],
            [
                "0_1",
                "u",
                "0_1_1"
            ]
        ]
    }
}