{
    "vertices": {
        "0": [
            [
                0,
                0.9999999999999998
            ],
            [
                "t",
                "u",
                "s"
            ]
        ],
        "t": [
            [
                -1.9999999999999998,
                0.9999999999999998
            ],
            [
                "0",
                "s"
            ]
        ],
        "u": [
            [
                1.9999999999999998,
                0.9999999999999998
            ],
            [
                "0",
                "s"
            ]
        ],
        "s": [
            [
                0,
                0.0
            ],
            [
                "t",
                "0",
                "u"
            ]
        ]
    }
}